PRAGMA foreign_keys=OFF;
BEGIN TRANSACTION;
CREATE TABLE "pi_gpio" ("id" INTEGER PRIMARY KEY  NOT NULL ,"pin" INTEGER NOT NULL ,"name" VARCHAR DEFAULT (null) ,"gpio" VARCHAR DEFAULT (null) ,"timestamp" DATETIME NOT NULL  DEFAULT (CURRENT_TIMESTAMP) ,"type" VARCHAR,"active" BOOL DEFAULT (0) );
INSERT INTO "pi_gpio" VALUES(1,1,'VCC 3.3','','2014-05-19 19:44:13',NULL,0);
INSERT INTO "pi_gpio" VALUES(2,2,'VCC 5','','2014-05-19 19:46:10',NULL,0);
INSERT INTO "pi_gpio" VALUES(3,3,'GPIO2','2','2014-05-19 19:46:24','IN/OUT/I2C_SDA',0);
INSERT INTO "pi_gpio" VALUES(4,4,'VCC 5','','2014-05-19 19:50:58',NULL,0);
INSERT INTO "pi_gpio" VALUES(5,5,'GPIO3','3','2014-05-19 19:51:10','IN/OUT/I2C_SCL',0);
INSERT INTO "pi_gpio" VALUES(6,6,'GND','','2014-05-19 19:51:26',NULL,0);
INSERT INTO "pi_gpio" VALUES(7,7,'Rele 1','4','2014-05-19 19:51:52','IN/OUT GPIO4',0);
INSERT INTO "pi_gpio" VALUES(8,8,'GPIO14','14','2014-05-19 19:52:17','IN/OUT/UART_TXD',0);
INSERT INTO "pi_gpio" VALUES(9,9,'GND','','2014-05-19 19:52:37',NULL,0);
INSERT INTO "pi_gpio" VALUES(10,10,'GPIO15','15','2014-05-19 19:53:09','IN/OUT/UART_RXD',0);
INSERT INTO "pi_gpio" VALUES(11,11,'GPIO17','17','2014-05-19 19:53:33','IN/OUT',0);
INSERT INTO "pi_gpio" VALUES(12,12,'Rele 2','18','2014-05-19 19:53:44','IN/OUT/PWM GPIO18',0);
INSERT INTO "pi_gpio" VALUES(13,13,'Rele 3','27','2014-05-19 19:53:54','IN/OUT GPIO27',0);
INSERT INTO "pi_gpio" VALUES(14,14,'GND','','2014-05-19 19:54:06',NULL,0);
INSERT INTO "pi_gpio" VALUES(15,15,'Rele 4','22','2014-05-19 19:54:57','IN/OUT GPIO22',0);
INSERT INTO "pi_gpio" VALUES(16,16,'Rele 5','23','2014-05-19 19:55:08','IN/OUT GPIO23',0);
INSERT INTO "pi_gpio" VALUES(17,17,'VCC 3.3','','2014-05-19 19:55:21',NULL,0);
INSERT INTO "pi_gpio" VALUES(18,18,'Rele 6','24','2014-05-19 19:55:24','IN/OUT GPIO24',0);
INSERT INTO "pi_gpio" VALUES(19,19,'GPIO10','10','2014-05-19 19:56:50','IN/OUT/SPI_MOSI',0);
INSERT INTO "pi_gpio" VALUES(20,20,'GND','','2014-05-19 19:57:04',NULL,0);
INSERT INTO "pi_gpio" VALUES(21,21,'GPIO9','9','2014-05-19 19:57:18','IN/OUT/SPI_MISO',0);
INSERT INTO "pi_gpio" VALUES(22,22,'Rele 7','25','2014-05-19 19:57:32','IN/OUT GPIO25',0);
INSERT INTO "pi_gpio" VALUES(23,23,'GPIO11','11','2014-05-19 19:57:45','IN/OUT/SPI_CLK',0);
INSERT INTO "pi_gpio" VALUES(24,24,'GPIO8','8','2014-05-19 19:57:57','IN/OUT/SPI_CE0',0);
INSERT INTO "pi_gpio" VALUES(25,25,'GND','','2014-05-19 19:58:08',NULL,0);
INSERT INTO "pi_gpio" VALUES(26,26,'GPIO7','7','2014-05-19 19:58:21','IN/OUT/SPI_CE1',0);
CREATE TABLE "log" ("id" INTEGER PRIMARY KEY  NOT NULL , "command" VARCHAR, "ip" VARCHAR, "timestamp" DATETIME DEFAULT CURRENT_TIMESTAMP);
INSERT INTO "log" VALUES(1,'http://192.168.1.248:5000/status','192.168.1.8','2014-12-10 19:56:00');
INSERT INTO "log" VALUES(2,'http://192.168.1.248:5000/status','192.168.1.8','2014-12-10 19:56:05');
INSERT INTO "log" VALUES(3,'http://192.168.1.248:5000/status','192.168.1.8','2014-12-10 20:00:42');
INSERT INTO "log" VALUES(4,'http://192.168.1.248:5000/status','192.168.1.8','2014-12-10 20:21:29');
INSERT INTO "log" VALUES(5,'http://192.168.1.248:5000/status','192.168.1.8','2014-12-10 20:50:17');
INSERT INTO "log" VALUES(6,'http://my-tek.no-ip.org:5000/status','95.243.35.141','2014-12-10 22:44:39');
INSERT INTO "log" VALUES(7,'http://my-tek.no-ip.org:5000/status','95.243.35.141','2014-12-10 22:44:40');
INSERT INTO "log" VALUES(8,'http://my-tek.no-ip.org:5000/setup_program','95.243.35.141','2014-12-10 22:44:43');
INSERT INTO "log" VALUES(9,'http://my-tek.no-ip.org:5000/doc','95.243.35.141','2014-12-10 22:45:01');
INSERT INTO "log" VALUES(10,'http://my-tek.no-ip.org:5000/login','95.243.35.141','2014-12-10 22:45:12');
INSERT INTO "log" VALUES(11,'http://my-tek.no-ip.org:5000/status','95.243.35.141','2014-12-10 22:45:14');
INSERT INTO "log" VALUES(12,'http://my-tek.no-ip.org:5000/login','95.243.35.141','2014-12-10 22:45:16');
INSERT INTO "log" VALUES(13,'http://my-tek.no-ip.org:5000/doc','95.243.35.141','2014-12-10 22:45:23');
INSERT INTO "log" VALUES(14,'http://my-tek.no-ip.org:5000/home','95.243.35.141','2014-12-10 22:45:26');
INSERT INTO "log" VALUES(15,'http://my-tek.no-ip.org:5000/','95.243.85.152','2014-12-12 14:10:51');
INSERT INTO "log" VALUES(16,'http://my-tek.no-ip.org:5000/login','95.243.85.152','2014-12-12 14:11:10');
INSERT INTO "log" VALUES(17,'http://my-tek.no-ip.org:5000/login','95.243.85.152','2014-12-12 14:11:18');
INSERT INTO "log" VALUES(18,'http://my-tek.no-ip.org:5000/setup_user','95.243.85.152','2014-12-12 14:11:23');
INSERT INTO "log" VALUES(19,'http://192.168.1.248:5000/','192.168.1.8','2014-12-18 19:08:04');
INSERT INTO "log" VALUES(20,'http://192.168.1.248:5000/status','192.168.1.8','2014-12-18 19:28:51');
INSERT INTO "log" VALUES(21,'http://192.168.1.248:5000/','192.168.1.8','2014-12-18 19:31:41');
INSERT INTO "log" VALUES(22,'http://192.168.1.248:5000/doc','192.168.1.8','2014-12-18 19:31:51');
INSERT INTO "log" VALUES(23,'http://192.168.1.248:5000/doc','192.168.1.8','2014-12-18 19:33:03');
INSERT INTO "log" VALUES(24,'http://192.168.1.248:5000/doc','192.168.1.8','2014-12-18 19:33:59');
INSERT INTO "log" VALUES(25,'http://192.168.1.248:5000/doc','192.168.1.8','2014-12-18 19:34:29');
INSERT INTO "log" VALUES(26,'http://192.168.1.248:5000/doc','192.168.1.8','2014-12-18 19:35:19');
INSERT INTO "log" VALUES(27,'http://192.168.1.248:5000/doc','192.168.1.8','2014-12-18 19:35:56');
INSERT INTO "log" VALUES(28,'http://192.168.1.248:5000/doc','192.168.1.8','2014-12-18 19:40:14');
INSERT INTO "log" VALUES(29,'http://192.168.1.248:5000/doc','192.168.1.8','2014-12-18 19:41:32');
INSERT INTO "log" VALUES(30,'http://192.168.1.248:5000/doc','192.168.1.8','2014-12-18 19:48:44');
INSERT INTO "log" VALUES(31,'http://192.168.1.248:5000/doc','192.168.1.8','2014-12-18 19:52:37');
INSERT INTO "log" VALUES(32,'http://192.168.1.248:5000/home','192.168.1.8','2014-12-18 19:53:22');
INSERT INTO "log" VALUES(33,'http://192.168.1.248:5000/status','192.168.1.8','2014-12-18 19:53:24');
INSERT INTO "log" VALUES(34,'http://192.168.1.248:5000/doc','192.168.1.8','2014-12-18 19:53:29');
INSERT INTO "log" VALUES(35,'http://192.168.1.248:5000/login','192.168.1.8','2014-12-18 19:53:37');
INSERT INTO "log" VALUES(36,'http://192.168.1.248:5000/login','192.168.1.8','2014-12-18 19:53:44');
INSERT INTO "log" VALUES(37,'http://192.168.1.248:5000/doc','192.168.1.8','2014-12-18 19:53:48');
INSERT INTO "log" VALUES(38,'http://192.168.1.248:5000/status','192.168.1.8','2014-12-18 19:53:50');
INSERT INTO "log" VALUES(39,'http://192.168.1.248:5000/setup_program','192.168.1.8','2014-12-18 19:53:56');
INSERT INTO "log" VALUES(40,'http://192.168.1.248:5000/doc','192.168.1.8','2014-12-18 20:25:17');
INSERT INTO "log" VALUES(41,'http://192.168.1.248:5000/doc','192.168.1.8','2014-12-18 20:38:36');
INSERT INTO "log" VALUES(42,'http://192.168.1.248:5000/doc','192.168.1.8','2014-12-18 20:41:38');
INSERT INTO "log" VALUES(43,'http://192.168.1.248:5000/doc','192.168.1.8','2014-12-18 21:06:17');
INSERT INTO "log" VALUES(44,'http://192.168.1.248:5000/doc','192.168.1.8','2014-12-18 21:43:22');
INSERT INTO "log" VALUES(45,'http://192.168.1.248:5000/doc','192.168.1.8','2014-12-19 19:11:56');
INSERT INTO "log" VALUES(46,'http://192.168.1.248:5000/doc','192.168.1.8','2014-12-19 20:02:44');
INSERT INTO "log" VALUES(47,'http://192.168.1.248:5000/setup_program','192.168.1.8','2014-12-19 20:02:53');
INSERT INTO "log" VALUES(48,'http://192.168.1.248:5000/status','192.168.1.8','2014-12-19 20:02:55');
INSERT INTO "log" VALUES(49,'http://192.168.1.248:5000/home','192.168.1.8','2014-12-19 20:02:57');
INSERT INTO "log" VALUES(50,'http://192.168.1.248:5000/login','192.168.1.8','2014-12-19 20:25:40');
INSERT INTO "log" VALUES(51,'http://192.168.1.248:5000/login','192.168.1.8','2014-12-19 20:25:45');
INSERT INTO "log" VALUES(52,'http://192.168.1.248:5000/doc','192.168.1.8','2014-12-19 20:25:48');
INSERT INTO "log" VALUES(53,'http://192.168.1.248:5000/status','192.168.1.8','2014-12-19 20:25:49');
INSERT INTO "log" VALUES(54,'http://192.168.1.248:5000/doc','192.168.1.8','2014-12-19 20:38:38');
INSERT INTO "log" VALUES(55,'http://192.168.1.248:5000/doc','192.168.1.8','2014-12-19 20:46:49');
INSERT INTO "log" VALUES(56,'http://192.168.1.248:5000/doc','192.168.1.8','2014-12-19 20:48:16');
INSERT INTO "log" VALUES(57,'http://192.168.1.248:5000/doc','192.168.1.8','2014-12-19 20:48:34');
INSERT INTO "log" VALUES(58,'http://192.168.1.248:5000/doc','192.168.1.8','2014-12-19 20:49:39');
INSERT INTO "log" VALUES(59,'http://192.168.1.248:5000/doc','192.168.1.8','2014-12-20 10:57:49');
INSERT INTO "log" VALUES(60,'http://192.168.1.248:5000/doc','192.168.1.8','2014-12-20 11:07:16');
INSERT INTO "log" VALUES(61,'http://192.168.1.248:5000/doc','192.168.1.8','2014-12-20 11:07:26');
INSERT INTO "log" VALUES(62,'http://192.168.1.248:5000/doc','192.168.1.8','2014-12-20 15:40:54');
INSERT INTO "log" VALUES(63,'http://192.168.1.248:5000/doc','192.168.1.8','2014-12-20 21:21:48');
INSERT INTO "log" VALUES(64,'http://192.168.1.248:5000/setup_program','192.168.1.8','2014-12-20 21:21:55');
INSERT INTO "log" VALUES(65,'http://192.168.1.248:5000/setup_user','192.168.1.8','2014-12-20 21:21:57');
INSERT INTO "log" VALUES(66,'http://192.168.1.248:5000/status','192.168.1.8','2014-12-20 21:22:01');
INSERT INTO "log" VALUES(67,'http://192.168.1.248:5000/setup_user','192.168.1.8','2014-12-20 21:22:05');
INSERT INTO "log" VALUES(68,'http://192.168.1.248:5000/doc','192.168.1.8','2014-12-21 07:13:28');
INSERT INTO "log" VALUES(69,'http://192.168.1.248:5000/setup_user','192.168.1.8','2014-12-21 08:18:35');
INSERT INTO "log" VALUES(70,'http://192.168.1.248:5000/setup_user','192.168.1.8','2014-12-21 08:18:47');
INSERT INTO "log" VALUES(71,'http://192.168.1.248:5000/setup_user','192.168.1.8','2014-12-21 08:18:57');
INSERT INTO "log" VALUES(72,'http://192.168.1.248:5000/setup_user','192.168.1.8','2014-12-21 08:19:05');
INSERT INTO "log" VALUES(73,'http://192.168.1.248:5000/setup_user','192.168.1.8','2014-12-21 08:19:14');
INSERT INTO "log" VALUES(74,'http://192.168.1.248:5000/setup_user','192.168.1.8','2014-12-21 08:20:06');
INSERT INTO "log" VALUES(75,'http://192.168.1.248:5000/setup_user','192.168.1.8','2014-12-21 08:20:16');
INSERT INTO "log" VALUES(76,'http://192.168.1.248:5000/status','192.168.1.8','2014-12-21 11:11:50');
INSERT INTO "log" VALUES(77,'http://192.168.1.248:5000/','192.168.1.8','2014-12-21 11:13:14');
INSERT INTO "log" VALUES(78,'http://192.168.1.248:5000/login','192.168.1.8','2014-12-21 11:13:18');
INSERT INTO "log" VALUES(79,'http://192.168.1.248:5000/login','192.168.1.8','2014-12-21 11:13:25');
INSERT INTO "log" VALUES(80,'http://pi:5000/','192.168.1.8','2014-12-23 19:55:15');
INSERT INTO "log" VALUES(81,'http://pi:5000/login','192.168.1.8','2014-12-23 19:55:23');
INSERT INTO "log" VALUES(82,'http://pi:5000/login','192.168.1.8','2014-12-23 19:55:30');
INSERT INTO "log" VALUES(83,'http://my-tek.no-ip.org:5000/','188.230.135.95','2014-12-23 20:45:02');
INSERT INTO "log" VALUES(84,'http://my-tek.no-ip.org:5000/login','188.230.135.95','2014-12-23 20:45:19');
INSERT INTO "log" VALUES(85,'http://my-tek.no-ip.org:5000/login','188.230.135.95','2014-12-23 20:45:27');
INSERT INTO "log" VALUES(86,'http://my-tek.no-ip.org:5000/doc','188.230.135.95','2014-12-23 20:46:08');
INSERT INTO "log" VALUES(87,'http://my-tek.no-ip.org:5000/login','188.230.135.95','2014-12-23 20:46:13');
INSERT INTO "log" VALUES(88,'http://my-tek.no-ip.org:5000/status','188.230.135.95','2014-12-23 20:46:17');
INSERT INTO "log" VALUES(101,'http://192.168.1.248:5000/setup_program','192.168.1.8','2014-12-24 11:35:06');
INSERT INTO "log" VALUES(102,'http://192.168.1.248:5000/setup_program','192.168.1.8','2014-12-24 11:40:47');
INSERT INTO "log" VALUES(103,'http://192.168.1.248:5000/setup_program','192.168.1.8','2014-12-24 11:41:09');
INSERT INTO "log" VALUES(104,'http://192.168.1.248:5000/setup_program','192.168.1.8','2014-12-24 11:43:30');
INSERT INTO "log" VALUES(105,'http://192.168.1.248:5000/setup_program','192.168.1.8','2014-12-24 11:43:34');
INSERT INTO "log" VALUES(106,'http://192.168.1.248:5000/setup_program','192.168.1.8','2014-12-24 11:43:50');
INSERT INTO "log" VALUES(107,'http://192.168.1.248:5000/setup_program','192.168.1.8','2014-12-24 11:44:17');
INSERT INTO "log" VALUES(108,'http://192.168.1.248:5000/setup_program','192.168.1.8','2014-12-24 11:45:40');
INSERT INTO "log" VALUES(109,'http://192.168.1.248:5000/setup_program','192.168.1.8','2014-12-24 11:45:57');
INSERT INTO "log" VALUES(110,'http://192.168.1.248:5000/setup_program','192.168.1.8','2014-12-24 11:47:30');
INSERT INTO "log" VALUES(111,'http://192.168.1.248:5000/setup_program','192.168.1.8','2014-12-24 11:48:07');
INSERT INTO "log" VALUES(114,'http://192.168.1.248:5000/setup_program','192.168.1.8','2014-12-24 11:51:00');
INSERT INTO "log" VALUES(115,'http://192.168.1.248:5000/setup_program','192.168.1.8','2014-12-24 11:52:01');
INSERT INTO "log" VALUES(116,'http://192.168.1.248:5000/setup_program','192.168.1.8','2014-12-24 11:52:43');
INSERT INTO "log" VALUES(117,'http://192.168.1.248:5000/setup_program','192.168.1.8','2014-12-24 11:53:24');
INSERT INTO "log" VALUES(118,'http://192.168.1.248:5000/setup_program','192.168.1.8','2014-12-24 11:53:53');
INSERT INTO "log" VALUES(119,'http://192.168.1.248:5000/setup_program','192.168.1.8','2014-12-24 11:54:10');
INSERT INTO "log" VALUES(120,'http://192.168.1.248:5000/setup_program','192.168.1.8','2014-12-24 12:25:13');
INSERT INTO "log" VALUES(121,'http://192.168.1.248:5000/setup_program','192.168.1.8','2014-12-24 12:25:52');
INSERT INTO "log" VALUES(122,'http://192.168.1.248:5000/setup_program','192.168.1.8','2014-12-24 12:26:47');
INSERT INTO "log" VALUES(123,'http://192.168.1.248:5000/setup_program','192.168.1.8','2014-12-24 12:27:33');
INSERT INTO "log" VALUES(124,'http://192.168.1.248:5000/setup_program','192.168.1.8','2014-12-24 12:28:19');
INSERT INTO "log" VALUES(125,'http://192.168.1.248:5000/setup_program','192.168.1.8','2014-12-24 12:28:34');
INSERT INTO "log" VALUES(126,'http://192.168.1.248:5000/setup_program','192.168.1.8','2014-12-24 12:28:56');
INSERT INTO "log" VALUES(127,'http://192.168.1.248:5000/setup_program','192.168.1.8','2014-12-24 12:30:31');
INSERT INTO "log" VALUES(128,'http://192.168.1.248:5000/setup_program','192.168.1.8','2014-12-24 12:31:25');
INSERT INTO "log" VALUES(129,'http://192.168.1.248:5000/setup_program','192.168.1.8','2014-12-24 12:31:29');
INSERT INTO "log" VALUES(130,'http://192.168.1.248:5000/setup_program','192.168.1.8','2014-12-24 12:42:12');
INSERT INTO "log" VALUES(131,'http://192.168.1.248:5000/setup_program','192.168.1.8','2014-12-24 12:50:54');
INSERT INTO "log" VALUES(132,'http://192.168.1.248:5000/setup_program','192.168.1.8','2014-12-24 12:51:09');
INSERT INTO "log" VALUES(133,'http://192.168.1.248:5000/setup_program','192.168.1.8','2014-12-24 12:51:40');
INSERT INTO "log" VALUES(134,'http://192.168.1.248:5000/setup_program','192.168.1.8','2014-12-24 12:52:24');
INSERT INTO "log" VALUES(135,'http://192.168.1.248:5000/setup_program','192.168.1.8','2014-12-24 12:52:55');
INSERT INTO "log" VALUES(136,'http://192.168.1.248:5000/setup_program','192.168.1.8','2014-12-24 12:56:42');
INSERT INTO "log" VALUES(137,'http://192.168.1.248:5000/setup_program','192.168.1.8','2014-12-24 12:57:05');
INSERT INTO "log" VALUES(138,'http://192.168.1.248:5000/setup_program','192.168.1.8','2014-12-24 12:57:48');
INSERT INTO "log" VALUES(139,'http://192.168.1.248:5000/setup_program','192.168.1.8','2014-12-24 12:59:02');
INSERT INTO "log" VALUES(140,'http://192.168.1.248:5000/setup_program','192.168.1.8','2014-12-24 12:59:40');
INSERT INTO "log" VALUES(141,'http://192.168.1.248:5000/setup_program','192.168.1.8','2014-12-24 13:06:09');
INSERT INTO "log" VALUES(142,'http://192.168.1.248:5000/setup_program','192.168.1.8','2014-12-24 13:07:10');
INSERT INTO "log" VALUES(143,'http://192.168.1.248:5000/setup_program','192.168.1.8','2014-12-24 13:07:15');
INSERT INTO "log" VALUES(144,'http://192.168.1.248:5000/setup_program','192.168.1.8','2014-12-24 13:07:25');
INSERT INTO "log" VALUES(145,'http://192.168.1.248:5000/setup_program','192.168.1.8','2014-12-24 13:08:02');
INSERT INTO "log" VALUES(146,'http://192.168.1.248:5000/setup_program','192.168.1.8','2014-12-24 13:08:29');
INSERT INTO "log" VALUES(147,'http://192.168.1.248:5000/setup_program','192.168.1.8','2014-12-24 13:08:44');
INSERT INTO "log" VALUES(148,'http://192.168.1.248:5000/setup_program','192.168.1.8','2014-12-24 13:10:24');
INSERT INTO "log" VALUES(149,'http://192.168.1.248:5000/setup_program','192.168.1.8','2014-12-24 13:11:44');
INSERT INTO "log" VALUES(150,'http://192.168.1.248:5000/setup_program','192.168.1.8','2014-12-24 13:14:34');
INSERT INTO "log" VALUES(151,'http://192.168.1.248:5000/setup_program','192.168.1.8','2014-12-24 13:15:33');
INSERT INTO "log" VALUES(152,'http://192.168.1.248:5000/setup_program','192.168.1.8','2014-12-24 13:16:40');
INSERT INTO "log" VALUES(153,'http://192.168.1.248:5000/setup_program','192.168.1.8','2014-12-24 13:17:12');
INSERT INTO "log" VALUES(154,'http://192.168.1.248:5000/setup_program','192.168.1.8','2014-12-24 13:18:29');
INSERT INTO "log" VALUES(155,'http://192.168.1.248:5000/setup_program','192.168.1.8','2014-12-24 13:19:05');
INSERT INTO "log" VALUES(156,'http://192.168.1.248:5000/setup_program','192.168.1.8','2014-12-24 13:19:21');
INSERT INTO "log" VALUES(157,'http://192.168.1.248:5000/setup_program','192.168.1.8','2014-12-24 13:19:42');
INSERT INTO "log" VALUES(158,'http://192.168.1.248:5000/setup_program','192.168.1.8','2014-12-24 13:19:58');
INSERT INTO "log" VALUES(159,'http://192.168.1.248:5000/setup_program','192.168.1.8','2014-12-24 13:20:14');
INSERT INTO "log" VALUES(160,'http://192.168.1.248:5000/setup_program','192.168.1.8','2014-12-24 13:20:53');
INSERT INTO "log" VALUES(161,'http://192.168.1.248:5000/setup_program','192.168.1.8','2014-12-24 13:21:40');
INSERT INTO "log" VALUES(162,'http://192.168.1.248:5000/setup_program','192.168.1.8','2014-12-24 13:22:01');
INSERT INTO "log" VALUES(163,'http://192.168.1.248:5000/setup_program','192.168.1.8','2014-12-24 13:27:36');
INSERT INTO "log" VALUES(164,'http://192.168.1.248:5000/setup_program','192.168.1.8','2014-12-24 13:27:47');
INSERT INTO "log" VALUES(165,'http://192.168.1.248:5000/setup_program','192.168.1.8','2014-12-24 13:27:58');
INSERT INTO "log" VALUES(166,'http://192.168.1.248:5000/setup_program','192.168.1.8','2014-12-24 13:37:07');
INSERT INTO "log" VALUES(167,'http://192.168.1.248:5000/setup_program','192.168.1.8','2014-12-24 13:39:35');
INSERT INTO "log" VALUES(168,'http://192.168.1.248:5000/setup_program','192.168.1.8','2014-12-24 13:39:52');
INSERT INTO "log" VALUES(169,'http://192.168.1.248:5000/setup_program','192.168.1.8','2014-12-24 13:52:38');
INSERT INTO "log" VALUES(170,'http://192.168.1.248:5000/setup_program','192.168.1.8','2014-12-24 13:54:28');
INSERT INTO "log" VALUES(171,'http://192.168.1.248:5000/setup_program','192.168.1.8','2014-12-24 13:55:49');
INSERT INTO "log" VALUES(172,'http://192.168.1.248:5000/setup_program','192.168.1.8','2014-12-24 13:57:40');
INSERT INTO "log" VALUES(173,'http://192.168.1.248:5000/setup_program','192.168.1.8','2014-12-24 13:57:59');
INSERT INTO "log" VALUES(174,'http://192.168.1.248:5000/setup_program','192.168.1.8','2014-12-24 13:58:05');
INSERT INTO "log" VALUES(175,'http://192.168.1.248:5000/setup_program','192.168.1.8','2014-12-24 13:58:41');
INSERT INTO "log" VALUES(176,'http://192.168.1.248:5000/setup_program','192.168.1.8','2014-12-24 14:00:24');
INSERT INTO "log" VALUES(177,'http://192.168.1.248:5000/setup_program','192.168.1.8','2014-12-24 14:01:29');
INSERT INTO "log" VALUES(178,'http://192.168.1.248:5000/setup_program','192.168.1.8','2014-12-24 14:01:33');
INSERT INTO "log" VALUES(179,'http://192.168.1.248:5000/setup_program','192.168.1.8','2014-12-24 14:01:43');
INSERT INTO "log" VALUES(180,'http://192.168.1.248:5000/setup_program','192.168.1.8','2014-12-24 14:02:07');
INSERT INTO "log" VALUES(181,'http://192.168.1.248:5000/setup_program','192.168.1.8','2014-12-24 14:02:23');
INSERT INTO "log" VALUES(182,'http://192.168.1.248:5000/setup_program','192.168.1.8','2014-12-24 14:02:39');
INSERT INTO "log" VALUES(183,'http://192.168.1.248:5000/setup_program','192.168.1.8','2014-12-24 14:03:05');
INSERT INTO "log" VALUES(184,'http://192.168.1.248:5000/setup_program','192.168.1.8','2014-12-24 14:04:09');
INSERT INTO "log" VALUES(185,'http://192.168.1.248:5000/setup_program','192.168.1.8','2014-12-24 14:04:26');
INSERT INTO "log" VALUES(186,'http://192.168.1.248:5000/setup_program','192.168.1.8','2014-12-24 14:05:31');
INSERT INTO "log" VALUES(187,'http://192.168.1.248:5000/setup_program','192.168.1.8','2014-12-24 14:06:09');
INSERT INTO "log" VALUES(188,'http://192.168.1.248:5000/setup_program','192.168.1.8','2014-12-24 14:07:14');
INSERT INTO "log" VALUES(189,'http://192.168.1.248:5000/setup_program','192.168.1.8','2014-12-24 14:08:09');
INSERT INTO "log" VALUES(190,'http://192.168.1.248:5000/setup_program','192.168.1.8','2014-12-24 14:08:14');
INSERT INTO "log" VALUES(191,'http://192.168.1.248:5000/setup_program','192.168.1.8','2014-12-24 14:08:29');
INSERT INTO "log" VALUES(192,'http://192.168.1.248:5000/setup_program','192.168.1.8','2014-12-24 14:10:44');
INSERT INTO "log" VALUES(193,'http://192.168.1.248:5000/setup_program','192.168.1.8','2014-12-24 14:12:01');
INSERT INTO "log" VALUES(194,'http://192.168.1.248:5000/setup_program','192.168.1.8','2014-12-24 14:12:52');
INSERT INTO "log" VALUES(195,'http://192.168.1.248:5000/setup_program','192.168.1.8','2014-12-24 14:14:19');
INSERT INTO "log" VALUES(196,'http://192.168.1.248:5000/setup_program','192.168.1.8','2014-12-24 14:15:31');
INSERT INTO "log" VALUES(197,'http://192.168.1.248:5000/setup_program','192.168.1.8','2014-12-24 14:15:49');
INSERT INTO "log" VALUES(198,'http://192.168.1.248:5000/setup_program','192.168.1.8','2014-12-24 14:16:49');
INSERT INTO "log" VALUES(199,'http://192.168.1.248:5000/setup_program','192.168.1.8','2014-12-24 14:17:27');
INSERT INTO "log" VALUES(200,'http://192.168.1.248:5000/setup_program','192.168.1.8','2014-12-24 14:18:36');
INSERT INTO "log" VALUES(201,'http://192.168.1.248:5000/setup_program','192.168.1.8','2014-12-24 14:19:45');
INSERT INTO "log" VALUES(202,'http://192.168.1.248:5000/setup_program','192.168.1.8','2014-12-24 14:20:08');
INSERT INTO "log" VALUES(203,'http://192.168.1.248:5000/setup_program','192.168.1.8','2014-12-24 14:20:47');
INSERT INTO "log" VALUES(204,'http://192.168.1.248:5000/setup_program','192.168.1.8','2014-12-24 14:21:05');
INSERT INTO "log" VALUES(205,'http://192.168.1.248:5000/setup_program','192.168.1.8','2014-12-24 14:21:22');
INSERT INTO "log" VALUES(206,'http://192.168.1.248:5000/setup_program','192.168.1.8','2014-12-24 14:22:44');
INSERT INTO "log" VALUES(207,'http://192.168.1.248:5000/setup_program','192.168.1.8','2014-12-24 14:23:22');
INSERT INTO "log" VALUES(208,'http://192.168.1.248:5000/setup_program','192.168.1.8','2014-12-24 14:24:07');
INSERT INTO "log" VALUES(209,'http://192.168.1.248:5000/setup_program','192.168.1.8','2014-12-24 14:24:27');
INSERT INTO "log" VALUES(210,'http://192.168.1.248:5000/setup_program','192.168.1.8','2014-12-24 14:25:51');
INSERT INTO "log" VALUES(211,'http://192.168.1.248:5000/setup_program','192.168.1.8','2014-12-24 14:26:16');
INSERT INTO "log" VALUES(212,'http://192.168.1.248:5000/setup_program','192.168.1.8','2014-12-24 14:27:01');
INSERT INTO "log" VALUES(213,'http://192.168.1.248:5000/setup_program','192.168.1.8','2014-12-24 14:27:11');
INSERT INTO "log" VALUES(214,'http://192.168.1.248:5000/setup_program','192.168.1.8','2014-12-24 14:27:34');
INSERT INTO "log" VALUES(215,'http://192.168.1.248:5000/setup_program','192.168.1.8','2014-12-24 14:28:23');
INSERT INTO "log" VALUES(216,'http://192.168.1.248:5000/setup_program','192.168.1.8','2014-12-24 14:28:49');
INSERT INTO "log" VALUES(217,'http://192.168.1.248:5000/setup_program','192.168.1.8','2014-12-24 14:29:19');
INSERT INTO "log" VALUES(218,'http://192.168.1.248:5000/setup_program','192.168.1.8','2014-12-24 14:29:55');
INSERT INTO "log" VALUES(219,'http://192.168.1.248:5000/setup_program','192.168.1.8','2014-12-24 14:30:20');
INSERT INTO "log" VALUES(220,'http://192.168.1.248:5000/setup_program','192.168.1.8','2014-12-24 14:30:38');
INSERT INTO "log" VALUES(221,'http://192.168.1.248:5000/setup_program','192.168.1.8','2014-12-24 16:08:12');
INSERT INTO "log" VALUES(222,'http://192.168.1.248:5000/setup_program','192.168.1.8','2014-12-24 16:08:47');
INSERT INTO "log" VALUES(223,'http://192.168.1.248:5000/setup_program','192.168.1.8','2014-12-24 16:09:12');
INSERT INTO "log" VALUES(224,'http://192.168.1.248:5000/setup_program','192.168.1.8','2014-12-24 16:09:53');
INSERT INTO "log" VALUES(225,'http://192.168.1.248:5000/setup_program','192.168.1.8','2014-12-24 16:10:52');
INSERT INTO "log" VALUES(226,'http://192.168.1.248:5000/setup_program','192.168.1.8','2014-12-24 16:11:37');
INSERT INTO "log" VALUES(227,'http://192.168.1.248:5000/setup_program','192.168.1.8','2014-12-24 16:12:21');
INSERT INTO "log" VALUES(228,'http://192.168.1.248:5000/setup_program','192.168.1.8','2014-12-24 16:12:49');
INSERT INTO "log" VALUES(229,'http://192.168.1.248:5000/setup_program','192.168.1.8','2014-12-24 16:14:33');
INSERT INTO "log" VALUES(230,'http://192.168.1.248:5000/setup_program','192.168.1.8','2014-12-24 16:15:24');
INSERT INTO "log" VALUES(231,'http://192.168.1.248:5000/setup_program','192.168.1.8','2014-12-24 16:38:06');
INSERT INTO "log" VALUES(232,'http://192.168.1.248:5000/setup_program','192.168.1.8','2014-12-24 16:39:47');
INSERT INTO "log" VALUES(233,'http://192.168.1.248:5000/setup_program','192.168.1.8','2014-12-24 16:42:09');
INSERT INTO "log" VALUES(234,'http://192.168.1.248:5000/setup_program','192.168.1.8','2014-12-24 16:45:04');
INSERT INTO "log" VALUES(235,'http://192.168.1.248:5000/setup_program','192.168.1.8','2014-12-24 16:45:57');
INSERT INTO "log" VALUES(236,'http://192.168.1.248:5000/setup_program','192.168.1.8','2014-12-24 16:46:29');
INSERT INTO "log" VALUES(237,'http://192.168.1.248:5000/setup_program','192.168.1.8','2014-12-24 16:46:45');
INSERT INTO "log" VALUES(238,'http://192.168.1.248:5000/setup_program','192.168.1.8','2014-12-24 17:42:13');
INSERT INTO "log" VALUES(239,'http://192.168.1.248:5000/setup_program','192.168.1.8','2014-12-24 17:42:23');
INSERT INTO "log" VALUES(240,'http://192.168.1.248:5000/setup_program','192.168.1.8','2014-12-24 17:43:36');
INSERT INTO "log" VALUES(241,'http://192.168.1.248:5000/setup_program','192.168.1.8','2014-12-24 17:43:37');
INSERT INTO "log" VALUES(242,'http://192.168.1.248:5000/setup_program','192.168.1.8','2014-12-24 17:44:06');
INSERT INTO "log" VALUES(243,'http://192.168.1.248:5000/setup_program','192.168.1.8','2014-12-24 17:44:37');
INSERT INTO "log" VALUES(244,'http://192.168.1.248:5000/setup_program','192.168.1.8','2014-12-24 17:45:27');
INSERT INTO "log" VALUES(245,'http://192.168.1.248:5000/setup_program','192.168.1.8','2014-12-24 17:45:46');
INSERT INTO "log" VALUES(246,'http://192.168.1.248:5000/setup_program','192.168.1.8','2014-12-24 17:45:59');
INSERT INTO "log" VALUES(247,'http://82.56.122.150:5000/','66.240.192.138','2014-12-24 17:47:19');
INSERT INTO "log" VALUES(248,'http://192.168.1.248:5000/setup_program','192.168.1.8','2014-12-24 17:49:31');
INSERT INTO "log" VALUES(249,'http://192.168.1.248:5000/setup_program','192.168.1.8','2014-12-24 17:49:58');
INSERT INTO "log" VALUES(250,'http://192.168.1.248:5000/setup_program','192.168.1.8','2014-12-24 17:53:42');
INSERT INTO "log" VALUES(251,'http://192.168.1.248:5000/setup_program','192.168.1.8','2014-12-24 17:53:51');
INSERT INTO "log" VALUES(252,'http://192.168.1.248:5000/setup_program','192.168.1.8','2014-12-24 17:59:27');
INSERT INTO "log" VALUES(253,'http://192.168.1.248:5000/setup_program','192.168.1.8','2014-12-24 18:00:07');
INSERT INTO "log" VALUES(254,'http://192.168.1.248:5000/setup_program','192.168.1.8','2014-12-24 18:00:44');
INSERT INTO "log" VALUES(255,'http://192.168.1.248:5000/setup_program','192.168.1.8','2014-12-24 18:01:07');
INSERT INTO "log" VALUES(256,'http://192.168.1.248:5000/setup_program','192.168.1.8','2014-12-24 18:01:57');
INSERT INTO "log" VALUES(257,'http://192.168.1.248:5000/setup_program','192.168.1.8','2014-12-24 18:02:35');
INSERT INTO "log" VALUES(258,'http://192.168.1.248:5000/setup_program','192.168.1.8','2014-12-24 18:03:31');
INSERT INTO "log" VALUES(259,'http://192.168.1.248:5000/setup_program','192.168.1.8','2014-12-24 18:04:12');
INSERT INTO "log" VALUES(260,'http://192.168.1.248:5000/setup_program','192.168.1.8','2014-12-24 18:04:25');
INSERT INTO "log" VALUES(261,'http://192.168.1.248:5000/setup_program','192.168.1.8','2014-12-24 18:05:47');
INSERT INTO "log" VALUES(262,'http://pi:5000/','192.168.1.8','2014-12-24 18:07:04');
INSERT INTO "log" VALUES(263,'http://pi:5000/login','192.168.1.8','2014-12-24 18:07:13');
INSERT INTO "log" VALUES(264,'http://pi:5000/login','192.168.1.8','2014-12-24 18:07:21');
INSERT INTO "log" VALUES(265,'http://pi:5000/setup_program','192.168.1.8','2014-12-24 18:07:30');
INSERT INTO "log" VALUES(266,'http://192.168.1.248:5000/','192.168.1.8','2014-12-24 18:08:38');
INSERT INTO "log" VALUES(267,'http://192.168.1.248:5000/login','192.168.1.8','2014-12-24 18:08:45');
INSERT INTO "log" VALUES(268,'http://192.168.1.248:5000/login','192.168.1.8','2014-12-24 18:08:52');
INSERT INTO "log" VALUES(269,'http://192.168.1.248:5000/setup_program','192.168.1.8','2014-12-24 18:08:57');
INSERT INTO "log" VALUES(270,'http://192.168.1.248:5000/setup_program','192.168.1.8','2014-12-24 18:10:43');
INSERT INTO "log" VALUES(271,'http://192.168.1.248:5000/setup_program','192.168.1.8','2014-12-24 18:11:21');
INSERT INTO "log" VALUES(272,'http://192.168.1.248:5000/setup_program','192.168.1.8','2014-12-24 18:12:09');
INSERT INTO "log" VALUES(273,'http://192.168.1.248:5000/setup_program','192.168.1.8','2014-12-24 18:12:32');
INSERT INTO "log" VALUES(274,'http://192.168.1.248:5000/setup_program','192.168.1.8','2014-12-24 18:13:18');
INSERT INTO "log" VALUES(275,'http://192.168.1.248:5000/setup_program','192.168.1.8','2014-12-24 18:20:43');
INSERT INTO "log" VALUES(276,'http://192.168.1.248:5000/setup_program','192.168.1.8','2014-12-24 18:20:56');
INSERT INTO "log" VALUES(277,'http://192.168.1.248:5000/setup_program','192.168.1.8','2014-12-24 18:21:15');
INSERT INTO "log" VALUES(278,'http://192.168.1.248:5000/setup_program','192.168.1.8','2014-12-24 18:22:07');
INSERT INTO "log" VALUES(279,'http://192.168.1.248:5000/setup_program','192.168.1.8','2014-12-24 18:22:39');
INSERT INTO "log" VALUES(280,'http://192.168.1.248:5000/setup_program','192.168.1.8','2014-12-24 18:24:43');
INSERT INTO "log" VALUES(281,'http://192.168.1.248:5000/setup_program','192.168.1.8','2014-12-24 18:24:58');
INSERT INTO "log" VALUES(282,'http://192.168.1.248:5000/setup_program','192.168.1.8','2014-12-24 18:25:46');
INSERT INTO "log" VALUES(283,'http://192.168.1.248:5000/setup_program','192.168.1.8','2014-12-24 18:26:39');
INSERT INTO "log" VALUES(284,'http://192.168.1.248:5000/setup_program','192.168.1.8','2014-12-24 18:27:21');
INSERT INTO "log" VALUES(285,'http://192.168.1.248:5000/setup_program','192.168.1.8','2014-12-24 18:27:52');
INSERT INTO "log" VALUES(286,'http://192.168.1.248:5000/setup_program','192.168.1.8','2014-12-24 18:30:33');
INSERT INTO "log" VALUES(287,'http://192.168.1.248:5000/setup_program','192.168.1.8','2014-12-24 18:31:29');
INSERT INTO "log" VALUES(288,'http://192.168.1.248:5000/setup_program','192.168.1.8','2014-12-24 18:32:20');
INSERT INTO "log" VALUES(289,'http://192.168.1.248:5000/setup_program','192.168.1.8','2014-12-24 18:40:08');
INSERT INTO "log" VALUES(290,'http://192.168.1.248:5000/setup_program','192.168.1.8','2014-12-24 18:41:06');
INSERT INTO "log" VALUES(291,'http://192.168.1.248:5000/setup_program','192.168.1.8','2014-12-24 18:41:22');
INSERT INTO "log" VALUES(292,'http://192.168.1.248:5000/setup_program','192.168.1.8','2014-12-24 18:43:29');
INSERT INTO "log" VALUES(293,'http://192.168.1.248:5000/setup_program','192.168.1.8','2014-12-24 18:44:12');
INSERT INTO "log" VALUES(294,'http://192.168.1.248:5000/setup_program','192.168.1.8','2014-12-24 18:46:38');
INSERT INTO "log" VALUES(295,'http://192.168.1.248:5000/setup_program','192.168.1.8','2014-12-24 18:46:39');
INSERT INTO "log" VALUES(296,'http://192.168.1.248:5000/setup_program','192.168.1.8','2014-12-24 18:46:57');
INSERT INTO "log" VALUES(297,'http://192.168.1.248:5000/setup_program','192.168.1.8','2014-12-24 18:48:23');
INSERT INTO "log" VALUES(298,'http://192.168.1.248:5000/setup_program','192.168.1.8','2014-12-24 18:48:53');
INSERT INTO "log" VALUES(299,'http://192.168.1.248:5000/setup_program','192.168.1.8','2014-12-24 18:50:37');
INSERT INTO "log" VALUES(300,'http://192.168.1.248:5000/setup_program','192.168.1.8','2014-12-24 18:51:06');
INSERT INTO "log" VALUES(301,'http://192.168.1.248:5000/setup_program','192.168.1.8','2014-12-24 18:52:36');
INSERT INTO "log" VALUES(302,'http://192.168.1.248:5000/setup_program','192.168.1.8','2014-12-24 18:53:01');
INSERT INTO "log" VALUES(303,'http://192.168.1.248:5000/setup_program','192.168.1.8','2014-12-24 18:53:18');
INSERT INTO "log" VALUES(304,'http://192.168.1.248:5000/setup_program','192.168.1.8','2014-12-24 18:53:38');
INSERT INTO "log" VALUES(305,'http://192.168.1.248:5000/setup_program','192.168.1.8','2014-12-24 18:56:24');
INSERT INTO "log" VALUES(306,'http://192.168.1.248:5000/setup_program','192.168.1.8','2014-12-24 19:01:31');
INSERT INTO "log" VALUES(307,'http://192.168.1.248:5000/setup_program','192.168.1.8','2014-12-24 19:05:00');
INSERT INTO "log" VALUES(308,'http://192.168.1.248:5000/setup_program','192.168.1.8','2014-12-24 19:07:33');
INSERT INTO "log" VALUES(309,'http://192.168.1.248:5000/setup_program','192.168.1.8','2014-12-24 19:08:41');
INSERT INTO "log" VALUES(310,'http://192.168.1.248:5000/setup_program','192.168.1.8','2014-12-24 19:09:27');
INSERT INTO "log" VALUES(311,'http://192.168.1.248:5000/setup_program','192.168.1.8','2014-12-24 19:10:08');
INSERT INTO "log" VALUES(312,'http://192.168.1.248:5000/setup_program','192.168.1.8','2014-12-24 19:10:46');
INSERT INTO "log" VALUES(313,'http://192.168.1.248:5000/setup_program','192.168.1.8','2014-12-24 19:24:04');
INSERT INTO "log" VALUES(314,'http://192.168.1.248:5000/setup_program','192.168.1.8','2014-12-24 19:24:35');
INSERT INTO "log" VALUES(315,'http://192.168.1.248:5000/setup_program','192.168.1.8','2014-12-24 19:24:54');
INSERT INTO "log" VALUES(316,'http://192.168.1.248:5000/setup_program','192.168.1.8','2014-12-24 19:27:56');
INSERT INTO "log" VALUES(317,'http://192.168.1.248:5000/setup_program','192.168.1.8','2014-12-24 19:28:30');
INSERT INTO "log" VALUES(318,'http://192.168.1.248:5000/setup_program','192.168.1.8','2014-12-24 19:29:11');
INSERT INTO "log" VALUES(319,'http://192.168.1.248:5000/setup_program','192.168.1.8','2014-12-24 19:29:27');
INSERT INTO "log" VALUES(320,'http://192.168.1.248:5000/setup_program','192.168.1.8','2014-12-24 19:29:39');
INSERT INTO "log" VALUES(321,'http://192.168.1.248:5000/setup_program','192.168.1.8','2014-12-24 19:30:11');
INSERT INTO "log" VALUES(322,'http://192.168.1.248:5000/setup_program','192.168.1.8','2014-12-24 19:30:36');
INSERT INTO "log" VALUES(323,'http://192.168.1.248:5000/setup_program','192.168.1.8','2014-12-24 19:31:12');
INSERT INTO "log" VALUES(324,'http://192.168.1.248:5000/setup_program','192.168.1.8','2014-12-24 19:31:38');
INSERT INTO "log" VALUES(325,'http://192.168.1.248:5000/setup_program','192.168.1.8','2014-12-24 19:31:57');
INSERT INTO "log" VALUES(326,'http://192.168.1.248:5000/setup_program','192.168.1.8','2014-12-24 19:32:24');
INSERT INTO "log" VALUES(327,'http://192.168.1.248:5000/setup_program','192.168.1.8','2014-12-24 19:32:51');
INSERT INTO "log" VALUES(328,'http://192.168.1.248:5000/setup_program','192.168.1.8','2014-12-24 19:33:21');
INSERT INTO "log" VALUES(329,'http://192.168.1.248:5000/setup_program','192.168.1.8','2014-12-24 19:34:05');
INSERT INTO "log" VALUES(330,'http://192.168.1.248:5000/setup_program','192.168.1.8','2014-12-24 19:37:28');
INSERT INTO "log" VALUES(331,'http://192.168.1.248:5000/setup_program','192.168.1.8','2014-12-24 19:38:17');
INSERT INTO "log" VALUES(332,'http://192.168.1.248:5000/setup_program','192.168.1.8','2014-12-24 19:38:53');
INSERT INTO "log" VALUES(333,'http://192.168.1.248:5000/setup_program','192.168.1.8','2014-12-24 19:40:46');
INSERT INTO "log" VALUES(334,'http://192.168.1.248:5000/setup_program','192.168.1.8','2014-12-24 19:41:44');
INSERT INTO "log" VALUES(335,'http://192.168.1.248:5000/setup_program','192.168.1.8','2014-12-24 19:44:00');
INSERT INTO "log" VALUES(336,'http://192.168.1.248:5000/setup_program','192.168.1.8','2014-12-24 19:45:04');
INSERT INTO "log" VALUES(337,'http://192.168.1.248:5000/setup_program','192.168.1.8','2014-12-24 19:45:52');
INSERT INTO "log" VALUES(338,'http://192.168.1.248:5000/setup_program','192.168.1.8','2014-12-24 19:46:30');
INSERT INTO "log" VALUES(339,'http://192.168.1.248:5000/setup_program','192.168.1.8','2014-12-24 19:46:44');
INSERT INTO "log" VALUES(340,'http://192.168.1.248:5000/setup_program','192.168.1.8','2014-12-24 19:49:03');
INSERT INTO "log" VALUES(341,'http://192.168.1.248:5000/setup_program','192.168.1.8','2014-12-24 19:49:34');
INSERT INTO "log" VALUES(342,'http://192.168.1.248:5000/setup_program','192.168.1.8','2014-12-24 19:50:00');
INSERT INTO "log" VALUES(343,'http://192.168.1.248:5000/setup_program','192.168.1.8','2014-12-24 19:50:46');
INSERT INTO "log" VALUES(344,'http://192.168.1.248:5000/setup_program','192.168.1.8','2014-12-24 19:52:02');
INSERT INTO "log" VALUES(345,'http://192.168.1.248:5000/setup_program','192.168.1.8','2014-12-24 19:53:44');
INSERT INTO "log" VALUES(346,'http://192.168.1.248:5000/setup_program','192.168.1.8','2014-12-24 19:55:38');
INSERT INTO "log" VALUES(347,'http://192.168.1.248:5000/setup_program','192.168.1.8','2014-12-24 19:55:46');
INSERT INTO "log" VALUES(348,'http://192.168.1.248:5000/setup_program','192.168.1.8','2014-12-24 20:05:04');
INSERT INTO "log" VALUES(349,'http://192.168.1.248:5000/setup_program','192.168.1.8','2014-12-24 20:05:20');
INSERT INTO "log" VALUES(350,'http://192.168.1.248:5000/setup_program','192.168.1.8','2014-12-24 20:06:44');
INSERT INTO "log" VALUES(351,'http://192.168.1.248:5000/setup_program','192.168.1.8','2014-12-24 20:07:14');
INSERT INTO "log" VALUES(352,'http://my-tek.no-ip.org:5000/','82.56.122.150','2014-12-24 20:21:13');
INSERT INTO "log" VALUES(353,'http://my-tek.no-ip.org:5000/login','82.56.122.150','2014-12-24 20:23:02');
INSERT INTO "log" VALUES(354,'http://my-tek.no-ip.org:5000/login','82.56.122.150','2014-12-24 20:23:14');
INSERT INTO "log" VALUES(355,'http://192.168.1.248:5000/setup_program','192.168.1.8','2014-12-25 08:51:17');
INSERT INTO "log" VALUES(356,'http://192.168.1.248:5000/setup_program','192.168.1.8','2014-12-25 08:52:16');
INSERT INTO "log" VALUES(357,'http://192.168.1.248:5000/setup_program','192.168.1.8','2014-12-25 08:53:41');
INSERT INTO "log" VALUES(358,'http://192.168.1.248:5000/setup_program','192.168.1.8','2014-12-25 08:54:13');
INSERT INTO "log" VALUES(359,'http://192.168.1.248:5000/setup_program','192.168.1.8','2014-12-25 08:55:57');
INSERT INTO "log" VALUES(360,'http://192.168.1.248:5000/setup_program','192.168.1.8','2014-12-25 08:56:25');
INSERT INTO "log" VALUES(361,'http://192.168.1.248:5000/setup_program','192.168.1.8','2014-12-25 08:57:56');
INSERT INTO "log" VALUES(362,'http://192.168.1.248:5000/setup_program','192.168.1.8','2014-12-25 08:58:15');
INSERT INTO "log" VALUES(363,'http://192.168.1.248:5000/setup_program','192.168.1.8','2014-12-25 09:05:04');
INSERT INTO "log" VALUES(364,'http://192.168.1.248:5000/setup_program','192.168.1.8','2014-12-25 09:06:03');
INSERT INTO "log" VALUES(365,'http://192.168.1.248:5000/setup_program','192.168.1.8','2014-12-25 09:06:07');
INSERT INTO "log" VALUES(366,'http://192.168.1.248:5000/setup_program','192.168.1.8','2014-12-25 09:07:51');
INSERT INTO "log" VALUES(367,'http://192.168.1.248:5000/setup_program','192.168.1.8','2014-12-25 09:08:28');
INSERT INTO "log" VALUES(368,'http://192.168.1.248:5000/setup_program','192.168.1.8','2014-12-25 09:08:50');
INSERT INTO "log" VALUES(369,'http://192.168.1.248:5000/setup_program','192.168.1.8','2014-12-25 09:08:59');
INSERT INTO "log" VALUES(370,'http://192.168.1.248:5000/setup_program','192.168.1.8','2014-12-25 09:10:32');
INSERT INTO "log" VALUES(371,'http://192.168.1.248:5000/setup_program','192.168.1.8','2014-12-25 09:12:07');
INSERT INTO "log" VALUES(372,'http://192.168.1.248:5000/setup_program','192.168.1.8','2014-12-25 09:12:15');
INSERT INTO "log" VALUES(373,'http://192.168.1.248:5000/setup_program','192.168.1.8','2014-12-25 09:56:27');
INSERT INTO "log" VALUES(374,'http://192.168.1.248:5000/setup_program','192.168.1.8','2014-12-25 09:56:33');
INSERT INTO "log" VALUES(375,'http://192.168.1.248:5000/setup_program','192.168.1.8','2014-12-25 09:56:50');
INSERT INTO "log" VALUES(376,'http://192.168.1.248:5000/setup_program','192.168.1.8','2014-12-25 09:56:56');
INSERT INTO "log" VALUES(377,'http://192.168.1.248:5000/setup_program','192.168.1.8','2014-12-25 09:59:53');
INSERT INTO "log" VALUES(378,'http://192.168.1.248:5000/setup_program','192.168.1.8','2014-12-25 10:00:35');
INSERT INTO "log" VALUES(379,'http://192.168.1.248:5000/setup_program','192.168.1.8','2014-12-25 10:01:28');
INSERT INTO "log" VALUES(380,'http://192.168.1.248:5000/setup_program','192.168.1.8','2014-12-25 10:02:09');
INSERT INTO "log" VALUES(381,'http://192.168.1.248:5000/setup_program','192.168.1.8','2014-12-25 10:02:28');
INSERT INTO "log" VALUES(382,'http://192.168.1.248:5000/setup_program','192.168.1.8','2014-12-25 10:03:41');
INSERT INTO "log" VALUES(383,'http://192.168.1.248:5000/setup_program','192.168.1.8','2014-12-25 10:03:45');
INSERT INTO "log" VALUES(384,'http://192.168.1.248:5000/setup_program','192.168.1.8','2014-12-25 10:04:09');
INSERT INTO "log" VALUES(385,'http://192.168.1.248:5000/setup_program','192.168.1.8','2014-12-25 10:04:44');
INSERT INTO "log" VALUES(386,'http://192.168.1.248:5000/setup_program','192.168.1.8','2014-12-25 10:05:30');
INSERT INTO "log" VALUES(387,'http://192.168.1.248:5000/setup_program','192.168.1.8','2014-12-25 10:06:22');
INSERT INTO "log" VALUES(388,'http://192.168.1.248:5000/setup_program','192.168.1.8','2014-12-25 10:07:03');
INSERT INTO "log" VALUES(389,'http://192.168.1.248:5000/setup_program','192.168.1.8','2014-12-25 10:07:45');
INSERT INTO "log" VALUES(390,'http://192.168.1.248:5000/setup_program','192.168.1.8','2014-12-25 10:08:05');
INSERT INTO "log" VALUES(391,'http://192.168.1.248:5000/setup_program','192.168.1.8','2014-12-25 10:09:18');
INSERT INTO "log" VALUES(392,'http://192.168.1.248:5000/setup_program','192.168.1.8','2014-12-25 10:09:22');
INSERT INTO "log" VALUES(393,'http://192.168.1.248:5000/setup_program','192.168.1.8','2014-12-25 10:09:44');
INSERT INTO "log" VALUES(394,'http://192.168.1.248:5000/setup_program','192.168.1.8','2014-12-25 10:16:33');
INSERT INTO "log" VALUES(395,'http://192.168.1.248:5000/setup_program','192.168.1.8','2014-12-25 10:16:40');
INSERT INTO "log" VALUES(396,'http://192.168.1.248:5000/setup_program','192.168.1.8','2014-12-25 10:17:52');
INSERT INTO "log" VALUES(397,'http://192.168.1.248:5000/setup_program','192.168.1.8','2014-12-25 10:18:39');
INSERT INTO "log" VALUES(398,'http://192.168.1.248:5000/setup_program','192.168.1.8','2014-12-25 10:19:34');
INSERT INTO "log" VALUES(399,'http://192.168.1.248:5000/setup_program','192.168.1.8','2014-12-25 10:19:45');
INSERT INTO "log" VALUES(400,'http://192.168.1.248:5000/setup_program','192.168.1.8','2014-12-25 10:22:54');
INSERT INTO "log" VALUES(401,'http://192.168.1.248:5000/setup_program','192.168.1.8','2014-12-25 10:23:47');
INSERT INTO "log" VALUES(402,'http://192.168.1.248:5000/setup_program','192.168.1.8','2014-12-25 10:23:56');
INSERT INTO "log" VALUES(403,'http://192.168.1.248:5000/setup_program','192.168.1.8','2014-12-25 10:25:05');
INSERT INTO "log" VALUES(404,'http://192.168.1.248:5000/setup_program','192.168.1.8','2014-12-25 20:44:31');
INSERT INTO "log" VALUES(405,'http://192.168.1.248:5000/setup_program','192.168.1.8','2014-12-25 20:44:52');
INSERT INTO "log" VALUES(406,'http://192.168.1.248:5000/setup_program','192.168.1.8','2014-12-25 20:46:19');
INSERT INTO "log" VALUES(407,'http://192.168.1.248:5000/setup_program','192.168.1.8','2014-12-25 20:46:49');
INSERT INTO "log" VALUES(408,'http://192.168.1.248:5000/setup_program','192.168.1.8','2014-12-25 20:47:13');
INSERT INTO "log" VALUES(409,'http://192.168.1.248:5000/setup_program','192.168.1.8','2014-12-25 20:47:35');
INSERT INTO "log" VALUES(410,'http://192.168.1.248:5000/setup_program','192.168.1.8','2014-12-25 20:48:15');
INSERT INTO "log" VALUES(411,'http://192.168.1.248:5000/setup_program','192.168.1.8','2014-12-25 20:49:08');
INSERT INTO "log" VALUES(412,'http://192.168.1.248:5000/setup_program','192.168.1.8','2014-12-25 20:50:00');
INSERT INTO "log" VALUES(413,'http://192.168.1.248:5000/setup_program','192.168.1.8','2014-12-25 20:51:03');
INSERT INTO "log" VALUES(414,'http://192.168.1.248:5000/setup_program','192.168.1.8','2014-12-25 20:52:05');
INSERT INTO "log" VALUES(415,'http://192.168.1.248:5000/setup_program','192.168.1.8','2014-12-25 20:53:04');
INSERT INTO "log" VALUES(416,'http://192.168.1.248:5000/setup_program','192.168.1.8','2014-12-25 20:53:38');
INSERT INTO "log" VALUES(417,'http://192.168.1.248:5000/setup_program','192.168.1.8','2014-12-25 20:53:52');
INSERT INTO "log" VALUES(418,'http://192.168.1.248:5000/setup_program','192.168.1.8','2014-12-25 20:58:15');
INSERT INTO "log" VALUES(419,'http://192.168.1.248:5000/setup_program','192.168.1.8','2014-12-25 20:58:58');
INSERT INTO "log" VALUES(420,'http://192.168.1.248:5000/setup_program','192.168.1.8','2014-12-25 21:00:14');
INSERT INTO "log" VALUES(421,'http://192.168.1.248:5000/setup_program','192.168.1.8','2014-12-25 21:02:54');
INSERT INTO "log" VALUES(422,'http://192.168.1.248:5000/setup_program','192.168.1.8','2014-12-25 21:04:53');
INSERT INTO "log" VALUES(423,'http://192.168.1.248:5000/setup_program','192.168.1.8','2014-12-25 21:05:21');
INSERT INTO "log" VALUES(424,'http://192.168.1.248:5000/setup_program','192.168.1.8','2014-12-25 21:08:51');
INSERT INTO "log" VALUES(425,'http://192.168.1.248:5000/setup_program','192.168.1.8','2014-12-25 21:10:05');
INSERT INTO "log" VALUES(426,'http://192.168.1.248:5000/setup_program','192.168.1.8','2014-12-25 21:10:10');
INSERT INTO "log" VALUES(427,'http://192.168.1.248:5000/setup_program','192.168.1.8','2014-12-25 21:13:44');
INSERT INTO "log" VALUES(428,'http://192.168.1.248:5000/setup_program','192.168.1.8','2014-12-25 21:14:10');
INSERT INTO "log" VALUES(429,'http://192.168.1.248:5000/setup_program','192.168.1.8','2014-12-25 21:14:45');
INSERT INTO "log" VALUES(430,'http://192.168.1.248:5000/setup_program','192.168.1.8','2014-12-25 21:16:22');
INSERT INTO "log" VALUES(431,'http://192.168.1.248:5000/setup_program','192.168.1.8','2014-12-25 21:17:11');
INSERT INTO "log" VALUES(432,'http://192.168.1.248:5000/setup_program','192.168.1.8','2014-12-25 21:17:29');
INSERT INTO "log" VALUES(433,'http://192.168.1.248:5000/setup_program','192.168.1.8','2014-12-25 21:17:41');
INSERT INTO "log" VALUES(434,'http://192.168.1.248:5000/setup_program','192.168.1.8','2014-12-25 21:17:47');
INSERT INTO "log" VALUES(435,'http://192.168.1.248:5000/setup_program','192.168.1.8','2014-12-25 21:18:27');
INSERT INTO "log" VALUES(436,'http://192.168.1.248:5000/setup_program','192.168.1.8','2014-12-25 21:18:43');
INSERT INTO "log" VALUES(437,'http://192.168.1.248:5000/setup_program','192.168.1.8','2014-12-25 21:18:54');
INSERT INTO "log" VALUES(438,'http://pi:5000/login','192.168.1.8','2014-12-25 21:33:27');
CREATE TABLE "area" ("id" INTEGER PRIMARY KEY  NOT NULL ,"name" VARCHAR NOT NULL  DEFAULT (null) ,"description" VARCHAR NOT NULL  DEFAULT (null) ,"timestamp" DATETIME NOT NULL  DEFAULT (CURRENT_TIMESTAMP) );
INSERT INTO "area" VALUES(1,'bedroom','Bedroom','2014-09-05 20:17:00');
INSERT INTO "area" VALUES(2,'kitchen','Kitchen','2014-09-05 21:45:51');
INSERT INTO "area" VALUES(5,'cusine','Cusine','2014-12-05 18:01:12.664502');
CREATE TABLE "privilege" ("id" INTEGER PRIMARY KEY  NOT NULL ,"name" VARCHAR,"description" VARCHAR,"timestamp" DATETIME DEFAULT (CURRENT_TIMESTAMP) );
INSERT INTO "privilege" VALUES(1,'setup','User Setup','2014-10-14 19:00:26');
INSERT INTO "privilege" VALUES(2,'viewer','Status viewer','2014-10-14 19:00:57');
INSERT INTO "privilege" VALUES(3,'log','Trace_Log','2014-09-06 11:34:50');
INSERT INTO "privilege" VALUES(4,'admin','User administrator','2014-10-14 19:03:19');
CREATE TABLE "io_type" ("id" INTEGER PRIMARY KEY  NOT NULL ,"name" VARCHAR,"description" VARCHAR,"timestamp" DATETIME NOT NULL  DEFAULT (CURRENT_TIMESTAMP) );
INSERT INTO "io_type" VALUES(0,'no-in','NO input','2014-10-19 15:35:55');
INSERT INTO "io_type" VALUES(1,'in','INPUT type','2014-09-08 13:13:24');
INSERT INTO "io_type" VALUES(2,'out','OUTPUT type','2014-09-08 13:13:45');
CREATE TABLE "board" ("id" INTEGER PRIMARY KEY  NOT NULL ,"name" VARCHAR,"description" VARCHAR,"enable" BOOL NOT NULL  DEFAULT (0) ,"timestamp" DATETIME DEFAULT (CURRENT_TIMESTAMP) ,"address" VARCHAR DEFAULT (0) ,"board_type" INTEGER NOT NULL  DEFAULT (0) );
INSERT INTO "board" VALUES(1,'I2C_out','I2C_local_board_out',1,'2014-09-28 22:30:23.212548','32',1);
INSERT INTO "board" VALUES(2,'I2C_in','I2C_local_board_in',1,'2014-09-28 22:30:24.235704','33',1);
INSERT INTO "board" VALUES(3,'web','Pulsanti manuale',1,'2014-10-19 12:55:56.111334','0',3);
CREATE TABLE "user" ("id" INTEGER PRIMARY KEY  NOT NULL ,"username" VARCHAR NOT NULL  DEFAULT (null) ,"name" VARCHAR NOT NULL ,"surname" VARCHAR NOT NULL ,"timestamp" DATETIME NOT NULL  DEFAULT (CURRENT_TIMESTAMP) ,"password" VARCHAR,"privilege" VARCHAR DEFAULT (null) , "description" VARCHAR NOT NULL  DEFAULT help, "session" NUMERIC NOT NULL  DEFAULT 1000, "lang" CHAR(2) NOT NULL  DEFAULT en);
INSERT INTO "user" VALUES(1,'luca','Luca','Subiaco','2014-12-21 09:20:17.186662','123','1;2;4','help',880,'en');
INSERT INTO "user" VALUES(2,'prova','Prova1','ProvaSurname','2014-10-20 23:23:43.647181','prova','1;2','help',1000,'en');
CREATE TABLE "board_io" ("id" INTEGER PRIMARY KEY ,"io_type_id" INTEGER,"name" VARCHAR,"description" VARCHAR,"enable" BOOL,"timestamp" DATETIME,"board_id" INTEGER,"address" VARCHAR DEFAULT (0) );
INSERT INTO "board_io" VALUES(13,2,'OUT1','Output_1',1,'2014-09-13 12:23:40',1,'1');
INSERT INTO "board_io" VALUES(14,2,'OUT2','Output_2',1,'2014-09-13 12:25:59',1,'2');
INSERT INTO "board_io" VALUES(16,2,'OUT3','Output_3',1,'2014-09-18 19:42:38',1,'3');
INSERT INTO "board_io" VALUES(18,1,'T1','Tasto%201',1,'2014-10-03 20:43:43.623206',1,'0');
INSERT INTO "board_io" VALUES(19,1,'T2','Tasto%202',1,'2014-10-03 20:43:56.229588',1,'0');
INSERT INTO "board_io" VALUES(20,2,'OUT4','Output%204',1,'2014-10-11 14:23:31.870520',1,'4');
INSERT INTO "board_io" VALUES(21,2,'OUT5','Output%205',1,'2014-10-11 14:23:34.741180',1,'5');
INSERT INTO "board_io" VALUES(22,2,'OUT6','Output%206',1,'2014-10-11 14:23:37.563873',1,'6');
INSERT INTO "board_io" VALUES(23,2,'OUT7','Output%207',1,'2014-11-18 17:50:34.563498',1,'7');
INSERT INTO "board_io" VALUES(24,0,'T3','Tasto 03',1,'2014-10-11 14:46:11.134968',3,'0');
INSERT INTO "board_io" VALUES(25,1,'T4','Tasto%204',1,'2014-10-11 14:46:24.912779',3,'0');
INSERT INTO "board_io" VALUES(26,1,'Arn','Arnaldo',1,'2014-10-14 15:45:24.358967',3,'0');
INSERT INTO "board_io" VALUES(27,1,'-','-',1,'2014-10-19 16:00:52.100832',3,'0');
INSERT INTO "board_io" VALUES(28,2,'NO_out','No%20out',1,'2014-10-19 17:58:42.652810',3,'0');
INSERT INTO "board_io" VALUES(29,0,'luca','prova',1,NULL,3,'0');
CREATE TABLE "translation" ("id" INTEGER PRIMARY KEY  NOT NULL , "tag" VARCHAR NOT NULL  UNIQUE , "en" VARCHAR, "it" VARCHAR, "timestamp" DATETIME NOT NULL  DEFAULT CURRENT_TIMESTAMP, "de" VARCHAR);
INSERT INTO "translation" VALUES(1,'login','Login','Accesso','2014-10-05 20:35:46.253723','');
INSERT INTO "translation" VALUES(2,'logout','Logout','Uscita','2014-10-05 21:09:03.086153','None');
INSERT INTO "translation" VALUES(3,'domocontrol','DomoControl','ControlloCasa','2014-10-19 14:22:44.598826',NULL);
INSERT INTO "translation" VALUES(5,'insert_username_and_password','Insert Username and Password','Inserisci Username e Password','2014-10-08 10:08:06.154797','None');
INSERT INTO "translation" VALUES(6,'username','Username','Nome utente','2014-10-08 10:07:54.923978','None');
INSERT INTO "translation" VALUES(7,'password','Password','Password','2014-10-08 10:15:56.784628',NULL);
INSERT INTO "translation" VALUES(8,'login_message','Try software: login=luca  password=123 . If you want to contribute to this project, please write to subluca@gmail.com.','Login%20di%20prova:%20luca%20%20-%20%20Password:%20123%3Cbr%3ESe%20sei%20interessato%20a%20contribuire%20scrivi%20a%20subluca@gmail.com','2014-10-08 10:28:51.324144','None');
INSERT INTO "translation" VALUES(10,'welcome','Welcome','Benvenuto','2014-10-08 10:49:29.370953',NULL);
INSERT INTO "translation" VALUES(11,'status','Status','Stato','2014-10-08 10:58:13.889656',NULL);
INSERT INTO "translation" VALUES(12,'main_menu','Main%20menu','Menu%20principale','2014-10-08 10:58:28.377615',NULL);
INSERT INTO "translation" VALUES(13,'setup','Setup%20configuration','Settaggio','2014-10-14 21:26:59.984800',NULL);
INSERT INTO "translation" VALUES(14,'retype_password','Retype%20password','Ridigita%20password','2014-10-14 21:25:44.349424',NULL);
INSERT INTO "translation" VALUES(15,'name','Name','Nome','2014-10-14 21:25:18.613902',NULL);
INSERT INTO "translation" VALUES(16,'surname','Surname','Cognome','2014-10-14 21:27:11.017129',NULL);
INSERT INTO "translation" VALUES(17,'language','Language','Lingua','2014-10-14 21:24:53.962338',NULL);
INSERT INTO "translation" VALUES(18,'english','English','Inglese','2014-10-14 21:24:36.221346',NULL);
INSERT INTO "translation" VALUES(19,'italian','Italian','Italiano','2014-10-14 21:24:46.094581',NULL);
INSERT INTO "translation" VALUES(20,'session_timeout','Session%20Timeout','Timeout%20session','2014-10-14 21:26:18.107480',NULL);
INSERT INTO "translation" VALUES(21,'viewer','Status%20viewer','Visualizzazione%20stato','2014-10-14 21:27:40.761413',NULL);
INSERT INTO "translation" VALUES(22,'log','Log','Log','2014-10-14 21:25:06.137193',NULL);
INSERT INTO "translation" VALUES(23,'admin','User%20Setup','Impostazione%20utenti','2014-10-14 21:24:26.786269',NULL);
INSERT INTO "translation" VALUES(24,'save','Save','Salva','2014-10-14 21:25:55.747186',NULL);
INSERT INTO "translation" VALUES(25,'users_privileges','User%20privileges','Privilegi%20utente','2014-10-17 20:00:00.660393',NULL);
INSERT INTO "translation" VALUES(27,'add_user','Add%20user','Aggiungi%20utente','2014-10-17 20:01:27.203948',NULL);
INSERT INTO "translation" VALUES(28,'Program%20Setup%20n.','Program%20Setup%20n.','Program%20Setup%20n.','2014-10-17 18:20:42',NULL);
INSERT INTO "translation" VALUES(29,'PR1','PR1','PR1','2014-10-17 18:20:42',NULL);
INSERT INTO "translation" VALUES(30,'edit','Edit','Modifica','2014-10-17 20:25:12.389606',NULL);
INSERT INTO "translation" VALUES(31,'add_program','Add%20program','Aggiungi%20programma','2014-10-17 20:24:49.251252',NULL);
INSERT INTO "translation" VALUES(32,'program_Setup_n.','program_Setup_n.','program_Setup_n.','2014-10-17 18:22:29',NULL);
INSERT INTO "translation" VALUES(34,'I2C%20board','I2C%20board','I2C%20board','2014-10-19 10:13:56',NULL);
INSERT INTO "translation" VALUES(35,'description','description','description','2014-10-19 10:14:38',NULL);
INSERT INTO "translation" VALUES(36,'Virtual%20board','Virtual%20board','Virtual%20board','2014-10-19 10:15:05',NULL);
INSERT INTO "translation" VALUES(37,'Bedroom','Bedroom','Camera','2014-10-19 13:50:03.860987',NULL);
INSERT INTO "translation" VALUES(38,'Kitchen','Kitchen','Cucina','2014-10-19 13:49:50.641434',NULL);
INSERT INTO "translation" VALUES(39,'add','Add','Aggiungi','2014-10-19 13:49:42.068668',NULL);
INSERT INTO "translation" VALUES(40,'delete','Delete','Rimuovi','2014-10-19 13:49:32.615434',NULL);
INSERT INTO "translation" VALUES(41,'Ar1','Ar1','Ar1','2014-10-19 15:23:35',NULL);
INSERT INTO "translation" VALUES(42,'NO%20OUT','NO%20OUT','NO%20OUT','2014-10-19 16:12:30',NULL);
INSERT INTO "translation" VALUES(43,'PR4','PR4','PR4','2014-10-19 16:12:56',NULL);
INSERT INTO "translation" VALUES(44,'PR3','PR3','PR3','2014-10-19 16:13:08',NULL);
INSERT INTO "translation" VALUES(45,'PR2','PR2','PR2','2014-10-19 16:13:15',NULL);
INSERT INTO "translation" VALUES(46,'PR_TIMER','PR_TIMER','PR_TIMER','2014-10-19 17:16:54',NULL);
INSERT INTO "translation" VALUES(47,'PR_CHRONO','PR_CHRONO','PR_CHRONO','2014-10-19 17:48:07',NULL);
INSERT INTO "translation" VALUES(48,'Manual','Manual','Manuale','2014-11-21 00:29:38.755280',NULL);
INSERT INTO "translation" VALUES(49,'pr2','pr2','pr2','2014-10-20 21:44:53',NULL);
INSERT INTO "translation" VALUES(50,'Pr3','Pr3','Pr3','2014-10-20 21:48:33',NULL);
INSERT INTO "translation" VALUES(51,'Pr2','Pr2','Pr2','2014-10-21 06:04:35',NULL);
INSERT INTO "translation" VALUES(52,'Sergio','Sergio','Sergio','2014-10-22 18:58:38',NULL);
INSERT INTO "translation" VALUES(53,'PR%20luce','PR 20luce','PR 20luce','2014-10-22 19:33:38','--');
INSERT INTO "translation" VALUES(54,'gp','gp','gp','2014-11-15 22:08:34',NULL);
INSERT INTO "translation" VALUES(55,'flavio','flavio','flavio','2014-11-23 18:10:30',NULL);
CREATE TABLE "program_type" ("id" INTEGER PRIMARY KEY  NOT NULL ,"name" VARCHAR NOT NULL  DEFAULT (null) ,"description" VARCHAR,"timestamp" DATETIME DEFAULT (CURRENT_TIMESTAMP) );
INSERT INTO "program_type" VALUES(1,'Timer','Timer (Luce Scale)','2014-10-27 22:40:17.876978');
INSERT INTO "program_type" VALUES(2,'Timeout','Uscita con timeout (non piu di TOT secondi)','2014-10-27 22:40:52.485772');
INSERT INTO "program_type" VALUES(3,'Automatic','Uscita attibabile automaticamente a seconda dell orario','2014-10-27 22:40:04.754191');
INSERT INTO "program_type" VALUES(4,'Manual','Ingresso attiva uscita','2014-10-27 22:41:11.704524');
CREATE TABLE "board_type" ("id" INTEGER PRIMARY KEY  NOT NULL , "name" VARCHAR NOT NULL , "description" VARCHAR, "timestamp" DATETIME NOT NULL  DEFAULT CURRENT_TIMESTAMP);
INSERT INTO "board_type" VALUES(1,'I2C','I2C board','2014-10-19 12:13:26.928664');
INSERT INTO "board_type" VALUES(2,'RS485','RS485 Board','2014-12-23 19:58:33');
INSERT INTO "board_type" VALUES(3,'WEB','Virtual board','2014-10-19 12:16:40.753448');
CREATE TABLE "program" ("id" INTEGER PRIMARY KEY  NOT NULL ,"in_id" INTEGER,"delay" INTEGER NOT NULL  DEFAULT (0) ,"inverted" BOOL DEFAULT (0) ,"out_id" INTEGER,"type_id" INTEGER NOT NULL  DEFAULT (1) ,"timestamp" DATETIME DEFAULT (CURRENT_TIMESTAMP) ,"name" VARCHAR,"description" VARCHAR,"timer" VARCHAR DEFAULT ('0-0-0-0') ,"chrono" VARCHAR DEFAULT ('0-0-0-0-0-0-0-0') ,"enable" INTEGER NOT NULL  DEFAULT (0) );
INSERT INTO "program" VALUES(1,18,0,1,13,4,'2014-12-24 14:00:15','Prova','Prova program','0-1-3-5','1-1-3-3-1-2-6-2;2-10-22-0-2-11-25-3;1-1-0-2-1-1-2-3',0);
INSERT INTO "program" VALUES(3,18,0,0,14,4,'2014-11-21 00:35:23.923494','Manual','Manual program','0-1-3-5','1-1-3-3-1-2-6-2;2-10-22-0-2-11-25-3;1-1-0-2-1-1-2-3',1);
COMMIT;
*** in database main ***
Main freelist: 6 of 6 pages missing from overflow list starting at 0
*** in database main ***
Main freelist: 6 of 6 pages missing from overflow list starting at 0
